2;0;1;AA00010000;20;;
2;0;1;AA00010000;280;;
2;0;1;AA00010000;290;;
3;0;1;AA00020000;21;;
3;0;1;AA00020000;281;;
3;0;1;AA00020000;291;;
3;0;1;AA00020000;23;;
4;0;1;AA00030000;22;;
4;0;1;AA00030000;282;;
4;0;1;AA00030000;292;;
5;0;1;AA00040000;2403;;
5;0;1;AA00040000;2404;;
5;0;1;AA00040000;2413;;
5;0;1;AA00040000;2414;;
5;0;1;AA00040000;2423;;
5;0;1;AA00040000;2424;;
5;0;1;AA00040000;2493;;
5;0;1;AA00040000;2494;;
5;0;1;AA00040000;293;;
5;0;1;AA00040000;2943;;
5;0;1;AA00040000;2944;;
5;0;1;AA00040000;2953;;
5;0;1;AA00040000;2954;;
6;0;1;AA00050000;2405;;
6;0;1;AA00050000;2415;;
6;0;1;AA00050000;2425;;
6;0;1;AA00050000;2495;;
6;0;1;AA00050000;250;;
6;0;1;AA00050000;251;;
6;0;1;AA00050000;252;;
6;0;1;AA00050000;253;;
6;0;1;AA00050000;254;;
6;0;1;AA00050000;255;;
6;0;1;AA00050000;257;;
6;0;1;AA00050000;258;;
6;0;1;AA00050000;259;;
6;0;1;AA00050000;26;;
6;0;1;AA00050000;2945;;
6;0;1;AA00050000;2955;;
6;0;1;AA00050000;297;;
6;0;1;AA00050000;298;;
7;0;1;AA00060000;474;;
10;0;1;AB00020000;30;;
10;0;1;AB00020000;31;;
10;0;1;AB00020000;32;;
10;0;1;AB00020000;33;;
10;0;1;AB00020000;34;;
10;0;1;AB00020000;35;;
10;0;1;AB00020000;36;;
10;0;1;AB00020000;39;;
10;0;1;AB00020000;407;;
12;0;1;AB00030100;430;;
12;0;1;AB00030100;431;;
12;0;1;AB00030100;432;;
12;0;1;AB00030100;433;;
12;0;1;AB00030100;434;;
12;0;1;AB00030100;435;;
12;0;1;AB00030100;436;;
12;0;1;AB00030100;437;;
12;0;1;AB00030100;490;;
12;0;1;AB00030100;493;;
13;0;1;AB00030200;5580;;
17;0;1;AB00060000;480;;
17;0;1;AB00060000;567;;
22;0;1;PA01010100;100;;
22;0;1;PA01010100;101;;
22;0;1;PA01010100;102;;
23;0;1;PA01010200;1030;;
23;0;1;PA01010200;1040;;
25;0;1;PA01030000;112;;
25;0;1;PA01030000;113;;
25;0;1;PA01030000;114;;
25;0;1;PA01030000;115;;
25;0;1;PA01030000;119;;
26;0;1;PA01040000;108;;
26;0;1;PA01040000;109;;
27;0;1;PA01050000;120;;
27;0;1;PA01050000;121;;
28;0;1;PA01060000;118;;
29;0;1;PA01070000;129;;
30;0;1;PA01080000;557;;
32;0;1;PA02000000;133;;
32;0;1;PA02000000;1340;;
32;0;1;PA02000000;137;;
33;0;1;PA03000000;130;;
33;0;1;PA03000000;131;;
33;0;1;PA03000000;132;;
38;0;1;PB00020200;1625;;
38;0;1;PB00020200;174;;
39;0;1;PB00020300;1615;;
39;0;1;PB00020300;1635;;
39;0;1;PB00020300;171;;
39;0;1;PB00020300;172;;
39;0;1;PB00020300;173;;
39;0;1;PB00020300;175;;
39;0;1;PB00020300;176;;
39;0;1;PB00020300;177;;
39;0;1;PB00020300;178;;
39;0;1;PB00020300;179;;
39;0;1;PB00020300;180;;
39;0;1;PB00020300;185;;
39;0;1;PB00020300;189;;
44;0;1;PC00010000;585;;
44;0;1;PC00010000;586;;
44;0;1;PC00010000;587;;
44;0;1;PC00010000;588;;
44;0;1;PC00010000;589;;
45;0;1;PC00020000;499;;
45;0;1;PC00020000;529;;
48;0;1;PC00030200;5125;;
48;0;1;PC00030200;524;;
49;0;1;PC00030300;1034;;
49;0;1;PC00030300;1044;;
49;0;1;PC00030300;190;;
49;0;1;PC00030300;192;;
49;0;1;PC00030300;194;;
49;0;1;PC00030300;500;;
49;0;1;PC00030300;501;;
49;0;1;PC00030300;505;;
49;0;1;PC00030300;506;;
49;0;1;PC00030300;509;;
49;0;1;PC00030300;5115;;
49;0;1;PC00030300;5135;;
49;0;1;PC00030300;5145;;
49;0;1;PC00030300;521;;
49;0;1;PC00030300;522;;
49;0;1;PC00030300;523;;
49;0;1;PC00030300;525;;
49;0;1;PC00030300;526;;
49;0;1;PC00030300;528;;
49;0;1;PC00030300;551;D;D
49;0;1;PC00030300;5525;D;D
49;0;1;PC00030300;5530;;
49;0;1;PC00030300;5532;;
49;0;1;PC00030300;555;;
49;0;1;PC00030300;5565;;
49;0;1;PC00030300;5566;;
49;0;1;PC00030300;5595;;
49;0;1;PC00030300;5598;;
49;0;1;PC00030300;560;;
49;0;1;PC00030300;561;;
49;0;1;PC00030300;569;;
50;0;1;PC00040000;5103;;
50;0;1;PC00040000;5104;;
50;0;1;PC00040000;5113;;
50;0;1;PC00040000;5114;;
50;0;1;PC00040000;5123;;
50;0;1;PC00040000;5124;;
50;0;1;PC00040000;5133;;
50;0;1;PC00040000;5134;;
50;0;1;PC00040000;5143;;
50;0;1;PC00040000;5144;;
50;0;1;PC00040000;5523;D;D
50;0;1;PC00040000;5524;D;D
50;0;1;PC00040000;5563;;
50;0;1;PC00040000;5564;;
52;0;1;PC00050100;400;;
52;0;1;PC00050100;401;;
52;0;1;PC00050100;403;;
52;0;1;PC00050100;404;;
52;0;1;PC00050100;405;;
52;0;1;PC00050100;406;;
53;0;1;PC00050200;41;;
53;0;1;PC00050200;438;;
53;0;1;PC00050200;465;;
53;0;1;PC00050200;466;;
53;0;1;PC00050200;475;;
53;0;1;PC00050200;476;;
53;0;1;PC00050200;477;;
54;0;1;PC00060000;485;;
54;0;1;PC00060000;568;;
56;0;2;AA00010000;20;;
56;0;2;AA00010000;280;;
56;0;2;AA00010000;290;;
57;0;2;AA00020000;21;;
57;0;2;AA00020000;281;;
57;0;2;AA00020000;291;;
57;0;2;AA00020000;23;;
58;0;2;AA00030000;22;;
58;0;2;AA00030000;282;;
58;0;2;AA00030000;292;;
63;0;2;AA00060000;474;;
66;0;2;AB00020000;30;;
66;0;2;AB00020000;31;;
66;0;2;AB00020000;32;;
66;0;2;AB00020000;33;;
66;0;2;AB00020000;34;;
66;0;2;AB00020000;35;;
66;0;2;AB00020000;36;;
66;0;2;AB00020000;39;;
66;0;2;AB00020000;407;;
69;0;2;AB00030200;5580;;
82;0;2;PA01010200;1030;;
82;0;2;PA01010200;1040;;
84;0;2;PA01020100;112;;
87;0;2;PA01030000;120;;
87;0;2;PA01030000;121;;
88;0;2;PA01040000;118;;
90;0;2;PA01060000;557;;
91;0;2;PA01070000;1070;;
91;0;2;PA01070000;1071;;
92;0;2;PA01080000;111;;
104;0;2;PB00050100;1603;;
104;0;2;PB00050100;1613;;
104;0;2;PB00050100;1623;;
104;0;2;PB00050100;1633;;
105;0;2;PB00050200;1604;;
105;0;2;PB00050200;1614;;
105;0;2;PB00050200;1624;;
105;0;2;PB00050200;1634;;
106;0;2;PB00050300;1710;;
106;0;2;PB00050300;1715;;
110;0;2;PC00010000;5298;;
112;0;2;PC00020100;5020;;
115;0;2;PC00030000;585;;
115;0;2;PC00030000;586;;
115;0;2;PC00030000;587;;
115;0;2;PC00030000;588;;
115;0;2;PC00030000;589;;
119;0;2;PC00050200;5125;;
119;0;2;PC00050200;524;;
123;0;2;PC00060100;5103;;
123;0;2;PC00060100;5113;;
123;0;2;PC00060100;5123;;
123;0;2;PC00060100;5133;;
123;0;2;PC00060100;5143;;
123;0;2;PC00060100;5523;D;D
123;0;2;PC00060100;5563;;
124;0;2;PC00060200;5104;;
124;0;2;PC00060200;5114;;
124;0;2;PC00060200;5124;;
124;0;2;PC00060200;5134;;
124;0;2;PC00060200;5144;;
124;0;2;PC00060200;5524;D;D
124;0;2;PC00060200;5564;;
125;0;2;PC00060300;507;;
125;0;2;PC00060300;5210;;
125;0;2;PC00060300;526;;
129;0;2;PC00080000;485;;
129;0;2;PC00080000;568;;
132;0;3;AA00010100;201;;
132;0;3;AA00010100;2801;;
132;0;3;AA00010100;2901;;
133;0;3;AA00010200;202;;
133;0;3;AA00010200;2802;;
133;0;3;AA00010200;2902;;
134;0;3;AA00010300;203;;
134;0;3;AA00010300;2803;;
134;0;3;AA00010300;2903;;
135;0;3;AA00010400;204;;
140;0;3;AA00020100;210;;
140;0;3;AA00020100;211;;
140;0;3;AA00020100;2811;;
140;0;3;AA00020100;2910;;
140;0;3;AA00020100;2911;;
142;0;3;AA00020300;23;;
144;0;3;AA00030100;220;;
144;0;3;AA00030100;2920;;
145;0;3;AA00030200;221;;
145;0;3;AA00030200;282;;
145;0;3;AA00030200;2921;;
151;0;3;AA00040300;2413;;
151;0;3;AA00040300;2414;;
151;0;3;AA00040300;2943;;
151;0;3;AA00040300;2944;;
156;0;3;AA00050100;2405;;
156;0;3;AA00050100;2495;;
156;0;3;AA00050100;250;;
156;0;3;AA00050100;259;;
157;0;3;AA00050200;2425;;
157;0;3;AA00050200;252;;
157;0;3;AA00050200;253;;
157;0;3;AA00050200;254;;
157;0;3;AA00050200;2955;;
157;0;3;AA00050200;298;;
158;0;3;AA00050300;2415;;
158;0;3;AA00050300;251;;
158;0;3;AA00050300;2945;;
158;0;3;AA00050300;297;;
159;0;3;AA00050400;255;;
160;0;3;AA00050500;258;;
160;0;3;AA00050500;26;;
161;0;3;AA00050600;2570;;
162;0;3;AA00060000;474;;
167;0;3;AB00020200;31;;
167;0;3;AB00020200;32;;
167;0;3;AB00020200;391;;
167;0;3;AB00020200;392;;
168;0;3;AB00020300;33;;
168;0;3;AB00020300;34;;
168;0;3;AB00020300;393;;
168;0;3;AB00020300;394;;
169;0;3;AB00020400;35;;
169;0;3;AB00020400;395;;
170;0;3;AB00020500;36;;
170;0;3;AB00020500;396;;
171;0;3;AB00020600;407;;
180;0;3;AB00030500;4709;;
182;0;3;AB00030700;5580;;
196;0;3;AB00050400;5590;;
196;0;3;AB00050400;5593;;
208;0;3;PA01020100;112;;
213;0;3;PA01030100;120;;
214;0;3;PA01030200;121;;
215;0;3;PA01040000;118;;
218;0;3;PA01070000;1070;;
218;0;3;PA01070000;1071;;
219;0;3;PA01080000;111;;
221;0;3;PA02010000;133;;
222;0;3;PA02020000;1340;;
255;0;3;PC00030000;585;;
255;0;3;PC00030000;586;;
255;0;3;PC00030000;587;;
255;0;3;PC00030000;588;;
255;0;3;PC00030000;589;;
258;0;3;PC00050100;500;;
258;0;3;PC00050100;501;;
258;0;3;PC00050100;505;;
258;0;3;PC00050100;506;;
260;0;3;PC00050300;5125;;
260;0;3;PC00050300;524;;
261;0;3;PC00050400;5595;;
261;0;3;PC00050400;5598;;
265;0;3;PC00060100;5103;;
265;0;3;PC00060100;5113;;
265;0;3;PC00060100;5123;;
265;0;3;PC00060100;5133;;
265;0;3;PC00060100;5143;;
265;0;3;PC00060100;5523;D;D
265;0;3;PC00060100;5563;;
266;0;3;PC00060200;5104;;
266;0;3;PC00060200;5114;;
266;0;3;PC00060200;5124;;
266;0;3;PC00060200;5134;;
266;0;3;PC00060200;5144;;
266;0;3;PC00060200;5524;D;D
266;0;3;PC00060200;5564;;
267;0;3;PC00060300;507;;
267;0;3;PC00060300;5210;;
267;0;3;PC00060300;526;;
271;0;3;PC00070300;41;;
272;0;3;PC00070400;465;;
272;0;3;PC00070400;466;;
273;0;3;PC00070500;4752;;
275;0;3;PC00070700;438;;
276;0;3;PC00080000;485;;
276;0;3;PC00080000;568;;
279;0;4;AA00010100;201;;
279;0;4;AA00010100;2801;;
279;0;4;AA00010100;2901;;
280;0;4;AA00010200;202;;
280;0;4;AA00010200;2802;;
280;0;4;AA00010200;2902;;
281;0;4;AA00010300;203;;
281;0;4;AA00010300;2803;;
281;0;4;AA00010300;2903;;
286;0;4;AA00020100;210;;
286;0;4;AA00020100;211;;
286;0;4;AA00020100;2811;;
286;0;4;AA00020100;2910;;
286;0;4;AA00020100;2911;;
288;0;4;AA00020300;23;;
290;0;4;AA00030100;220;;
290;0;4;AA00030100;2920;;
291;0;4;AA00030200;221;;
291;0;4;AA00030200;282;;
291;0;4;AA00030200;2921;;
293;0;4;AA00040100;2403;;
293;0;4;AA00040100;2404;;
293;0;4;AA00040100;2493;;
293;0;4;AA00040100;2494;;
293;0;4;AA00040100;293;;
295;0;4;AA00040300;2413;;
295;0;4;AA00040300;2414;;
295;0;4;AA00040300;2943;;
295;0;4;AA00040300;2944;;
299;0;4;AA00050100;2405;;
299;0;4;AA00050100;2495;;
299;0;4;AA00050100;250;;
299;0;4;AA00050100;259;;
301;0;4;AA00050300;2415;;
301;0;4;AA00050300;251;;
301;0;4;AA00050300;2945;;
301;0;4;AA00050300;297;;
302;0;4;AA00050400;255;;
303;0;4;AA00050500;258;;
303;0;4;AA00050500;26;;
304;0;4;AA00060000;474;;
306;0;4;AB00010000;580;;
306;0;4;AB00010000;581;;
306;0;4;AB00010000;582;;
306;0;4;AB00010000;583;;
306;0;4;AB00010000;584;;
306;0;4;AB00010000;599;;
313;0;4;AB00020600;407;;
315;0;4;AB00030100;430;;
315;0;4;AB00030100;431;;
315;0;4;AB00030100;432;;
315;0;4;AB00030100;435;;
315;0;4;AB00030100;436;;
315;0;4;AB00030100;437;;
315;0;4;AB00030100;490;;
315;0;4;AB00030100;4935;;
316;0;4;AB00030200;433;;
316;0;4;AB00030200;434;;
316;0;4;AB00030200;4933;;
316;0;4;AB00030200;4934;;
317;0;4;AB00030300;44;;
317;0;4;AB00030300;5531;;
317;0;4;AB00030300;5533;;
318;0;4;AB00030400;460;;
318;0;4;AB00030400;544;;
319;0;4;AB00030500;4709;;
321;0;4;AB00030700;5580;;
323;0;4;AB00040100;5303;;
323;0;4;AB00040100;5304;;
323;0;4;AB00040100;5393;;
323;0;4;AB00040100;5394;;
323;0;4;AB00040100;593;;
325;0;4;AB00040300;5313;;
325;0;4;AB00040300;5314;;
325;0;4;AB00040300;5333;;
325;0;4;AB00040300;5334;;
325;0;4;AB00040300;5943;;
325;0;4;AB00040300;5944;;
327;0;4;AB00040500;5353;;
327;0;4;AB00040500;5354;;
327;0;4;AB00040500;5523;D;D
327;0;4;AB00040500;5524;D;D
329;0;4;AB00050100;5305;;
329;0;4;AB00050100;540;;
329;0;4;AB00050100;5395;;
329;0;4;AB00050100;549;;
330;0;4;AB00050200;5325;;
330;0;4;AB00050200;5345;;
330;0;4;AB00050200;542;;
330;0;4;AB00050200;543;;
330;0;4;AB00050200;547;;
330;0;4;AB00050200;5955;;
330;0;4;AB00050200;598;;
331;0;4;AB00050300;5315;;
331;0;4;AB00050300;5335;;
331;0;4;AB00050300;541;;
331;0;4;AB00050300;546;;
331;0;4;AB00050300;5945;;
331;0;4;AB00050300;597;;
332;0;4;AB00050400;5590;;
332;0;4;AB00050400;5593;;
333;0;4;AB00050500;5355;;
333;0;4;AB00050500;545;;
333;0;4;AB00050500;548;;
333;0;4;AB00050500;551;D;D
333;0;4;AB00050500;5525;D;D
333;0;4;AB00050500;565;;
333;0;4;AB00050500;566;;
334;0;4;AB00060000;480;;
334;0;4;AB00060000;567;;
337;0;4;AB00070200;576;;
341;0;4;PA01010100;100;;
341;0;4;PA01010100;101;;
341;0;4;PA01010100;102;;
342;0;4;PA01010200;1030;;
342;0;4;PA01010200;1040;;
343;0;4;PA01020000;110;;
345;0;4;PA01030100;112;;
345;0;4;PA01030100;1141;;
346;0;4;PA01030200;113;;
346;0;4;PA01030200;1140;;
346;0;4;PA01030200;1142;;
346;0;4;PA01030200;1143;;
346;0;4;PA01030200;1144;;
346;0;4;PA01030200;115;;
346;0;4;PA01030200;119;;
347;0;4;PA01040000;108;;
347;0;4;PA01040000;109;;
349;0;4;PA01050100;120;;
350;0;4;PA01050200;121;;
351;0;4;PA01060000;118;;
352;0;4;PA01070000;129;;
353;0;4;PA01080000;557;;
356;0;4;PA02010000;133;;
358;0;4;PA02030000;137;;
359;0;4;PA03000000;130;;
359;0;4;PA03000000;131;;
359;0;4;PA03000000;132;;
362;0;4;PB00010100;140;;
363;0;4;PB00010200;145;;
364;0;4;PB00010300;146;;
365;0;4;PB00010400;141;;
365;0;4;PB00010400;142;;
365;0;4;PB00010400;143;;
365;0;4;PB00010400;147;;
376;0;4;PC00010000;585;;
376;0;4;PC00010000;586;;
376;0;4;PC00010000;587;;
376;0;4;PC00010000;588;;
376;0;4;PC00010000;589;;
377;0;4;PC00020000;499;;
377;0;4;PC00020000;529;;
379;0;4;PC00030100;500;;
379;0;4;PC00030100;501;;
379;0;4;PC00030100;505;;
379;0;4;PC00030100;506;;
381;0;4;PC00030300;5125;;
381;0;4;PC00030300;524;;
382;0;4;PC00030400;5595;;
382;0;4;PC00030400;5598;;
383;0;4;PC00030500;1034;;
383;0;4;PC00030500;1044;;
383;0;4;PC00030500;190;;
383;0;4;PC00030500;192;;
383;0;4;PC00030500;194;;
383;0;4;PC00030500;509;;
383;0;4;PC00030500;5115;;
383;0;4;PC00030500;5135;;
383;0;4;PC00030500;5145;;
383;0;4;PC00030500;521;;
383;0;4;PC00030500;522;;
383;0;4;PC00030500;523;;
383;0;4;PC00030500;525;;
383;0;4;PC00030500;526;;
383;0;4;PC00030500;528;;
383;0;4;PC00030500;551;D;D
383;0;4;PC00030500;5525;D;D
383;0;4;PC00030500;5530;;
383;0;4;PC00030500;5532;;
383;0;4;PC00030500;555;;
383;0;4;PC00030500;5565;;
383;0;4;PC00030500;5566;;
383;0;4;PC00030500;560;;
383;0;4;PC00030500;561;;
383;0;4;PC00030500;569;;
384;0;4;PC00040000;5103;;
384;0;4;PC00040000;5104;;
384;0;4;PC00040000;5113;;
384;0;4;PC00040000;5114;;
384;0;4;PC00040000;5123;;
384;0;4;PC00040000;5124;;
384;0;4;PC00040000;5133;;
384;0;4;PC00040000;5134;;
384;0;4;PC00040000;5143;;
384;0;4;PC00040000;5144;;
384;0;4;PC00040000;5523;D;D
384;0;4;PC00040000;5524;D;D
384;0;4;PC00040000;5563;;
384;0;4;PC00040000;5564;;
386;0;4;PC00050100;400;;
386;0;4;PC00050100;401;;
386;0;4;PC00050100;405;;
386;0;4;PC00050100;406;;
387;0;4;PC00050200;403;;
387;0;4;PC00050200;404;;
388;0;4;PC00050300;41;;
389;0;4;PC00050400;465;;
389;0;4;PC00050400;466;;
390;0;4;PC00050500;4752;;
392;0;4;PC00050700;438;;
395;0;5;AA00010000;20;;
395;0;5;AA00010000;280;;
395;0;5;AA00010000;290;;
396;0;5;AA00020000;21;;
396;0;5;AA00020000;281;;
396;0;5;AA00020000;291;;
396;0;5;AA00020000;23;;
397;0;5;AA00030000;22;;
397;0;5;AA00030000;282;;
397;0;5;AA00030000;292;;
398;0;5;AA00040000;2403;;
398;0;5;AA00040000;2404;;
398;0;5;AA00040000;2413;;
398;0;5;AA00040000;2414;;
398;0;5;AA00040000;2423;;
398;0;5;AA00040000;2424;;
398;0;5;AA00040000;2493;;
398;0;5;AA00040000;2494;;
398;0;5;AA00040000;293;;
398;0;5;AA00040000;2943;;
398;0;5;AA00040000;2944;;
398;0;5;AA00040000;2953;;
398;0;5;AA00040000;2954;;
399;0;5;AA00050000;2405;;
399;0;5;AA00050000;2415;;
399;0;5;AA00050000;2425;;
399;0;5;AA00050000;2495;;
399;0;5;AA00050000;250;;
399;0;5;AA00050000;251;;
399;0;5;AA00050000;252;;
399;0;5;AA00050000;253;;
399;0;5;AA00050000;254;;
399;0;5;AA00050000;255;;
399;0;5;AA00050000;257;;
399;0;5;AA00050000;258;;
399;0;5;AA00050000;259;;
399;0;5;AA00050000;26;;
399;0;5;AA00050000;2945;;
399;0;5;AA00050000;2955;;
399;0;5;AA00050000;297;;
399;0;5;AA00050000;298;;
400;0;5;AA00060000;474;;
402;0;5;AB00010000;30;;
402;0;5;AB00010000;31;;
402;0;5;AB00010000;32;;
402;0;5;AB00010000;33;;
402;0;5;AB00010000;34;;
402;0;5;AB00010000;35;;
402;0;5;AB00010000;36;;
402;0;5;AB00010000;39;;
402;0;5;AB00010000;407;;
414;0;5;PA01010100;100;;
414;0;5;PA01010100;101;;
414;0;5;PA01010100;102;;
415;0;5;PA01010200;1030;;
415;0;5;PA01010200;1040;;
417;0;5;PA01030000;112;;
417;0;5;PA01030000;113;;
417;0;5;PA01030000;114;;
417;0;5;PA01030000;115;;
417;0;5;PA01030000;119;;
418;0;5;PA01040000;108;;
418;0;5;PA01040000;109;;
419;0;5;PA01050000;120;;
419;0;5;PA01050000;121;;
420;0;5;PA01060000;118;;
421;0;5;PA01070000;129;;
422;0;5;PA01080000;557;;
423;0;5;PA02000000;130;;
423;0;5;PA02000000;131;;
423;0;5;PA02000000;132;;
402;0;5;AB00010000;14;;
436;0;5;PC00010000;499;;
436;0;5;PC00010000;529;;
438;0;5;PC00020100;5105;;
438;0;5;PC00020100;520;;
438;0;5;PC00020100;527;;
439;0;5;PC00020200;5125;;
439;0;5;PC00020200;524;;
440;0;5;PC00020300;1034;;
440;0;5;PC00020300;1044;;
440;0;5;PC00020300;190;;
440;0;5;PC00020300;192;;
440;0;5;PC00020300;194;;
440;0;5;PC00020300;500;;
440;0;5;PC00020300;501;;
440;0;5;PC00020300;505;;
440;0;5;PC00020300;506;;
440;0;5;PC00020300;509;;
440;0;5;PC00020300;5115;;
440;0;5;PC00020300;5135;;
440;0;5;PC00020300;5145;;
440;0;5;PC00020300;521;;
440;0;5;PC00020300;522;;
440;0;5;PC00020300;523;;
440;0;5;PC00020300;525;;
440;0;5;PC00020300;526;;
440;0;5;PC00020300;528;;
440;0;5;PC00020300;551;D;D
440;0;5;PC00020300;5525;D;D
440;0;5;PC00020300;5530;;
440;0;5;PC00020300;5532;;
440;0;5;PC00020300;555;;
440;0;5;PC00020300;5565;;
440;0;5;PC00020300;5566;;
440;0;5;PC00020300;5595;;
440;0;5;PC00020300;5598;;
440;0;5;PC00020300;560;;
440;0;5;PC00020300;561;;
440;0;5;PC00020300;569;;
441;0;5;PC00030000;5103;;
441;0;5;PC00030000;5104;;
441;0;5;PC00030000;5113;;
441;0;5;PC00030000;5114;;
441;0;5;PC00030000;5123;;
441;0;5;PC00030000;5124;;
441;0;5;PC00030000;5133;;
441;0;5;PC00030000;5134;;
441;0;5;PC00030000;5143;;
441;0;5;PC00030000;5144;;
441;0;5;PC00030000;5523;D;D
441;0;5;PC00030000;5524;D;D
441;0;5;PC00030000;5563;;
441;0;5;PC00030000;5564;;
443;0;5;PC00040100;400;;
443;0;5;PC00040100;401;;
443;0;5;PC00040100;403;;
443;0;5;PC00040100;404;;
443;0;5;PC00040100;405;;
443;0;5;PC00040100;406;;
444;0;5;PC00040200;41;;
444;0;5;PC00040200;438;;
444;0;5;PC00040200;465;;
444;0;5;PC00040200;466;;
444;0;5;PC00040200;475;;
444;0;5;PC00040200;476;;
444;0;5;PC00040200;477;;
445;0;5;PC00050000;485;;
445;0;5;PC00050000;568;;
449;1;0;B03;73;;
450;1;0;B04;600;-;-
450;1;0;B04;601;-;-
450;1;0;B04;602;-;-
450;1;0;B04;606;;
450;1;0;B04;607;-;-
450;1;0;B04;608;;
450;1;0;B04;609;;
450;1;0;B04;61;-;-
450;1;0;B04;6931;-;-
450;1;0;B04;6932;-;-
450;1;0;B04;6933;-;-
450;1;0;B04;7931;;
450;1;0;B04;7932;;
450;1;0;B04;7933;;
452;1;0;B06;64;-;-
452;1;0;B06;7950;;
452;1;0;B06;7957;;
453;1;0;B07;62;-;-
453;1;0;B07;631;-;-
453;1;0;B07;634;-;-
453;1;0;B07;636;;
453;1;0;B07;639;;
453;1;0;B07;65;-;-
453;1;0;B07;694;-;-
453;1;0;B07;695;-;-
453;1;0;B07;794;;
453;1;0;B07;7954;;
456;1;0;B10;7951;;
456;1;0;B10;7952;;
456;1;0;B10;7955;;
456;1;0;B10;7956;;
457;1;0;B11;670;-;-
457;1;0;B11;671;-;-
457;1;0;B11;672;-;-
457;1;0;B11;690;-;-
457;1;0;B11;691;-;-
457;1;0;B11;692;-;-
457;1;0;B11;770;;
457;1;0;B11;771;;
457;1;0;B11;772;;
457;1;0;B11;790;;
457;1;0;B11;791;;
457;1;0;B11;792;;
458;1;0;B12;774;;
459;1;0;B13;678;-;-
459;1;0;B13;778;;
462;1;0;D14a;746;;
463;1;0;D14b;760;;
463;1;0;D14b;761;;
463;1;0;D14b;762;;
463;1;0;D14b;767;;
463;1;0;D14b;769;;
464;1;0;D15;660;-;-
464;1;0;D15;661;-;-
464;1;0;D15;662;-;-
464;1;0;D15;664;-;-
464;1;0;D15;665;-;-
464;1;0;D15;669;-;-
466;1;0;D17;668;-;-
466;1;0;D17;768;;
467;1;0;D18;666;-;-
467;1;0;D18;667;-;-
467;1;0;D18;673;-;-
467;1;0;D18;675;-;-
467;1;0;D18;696;-;-
467;1;0;D18;697;-;-
467;1;0;D18;698;-;-
467;1;0;D18;699;-;-
467;1;0;D18;766;;
467;1;0;D18;773;;
467;1;0;D18;775;;
467;1;0;D18;796;;
467;1;0;D18;797;;
467;1;0;D18;798;;
467;1;0;D18;799;;
470;1;0;G19;6300;-;-
470;1;0;G19;6301;-;-
470;1;0;G19;633;-;-
470;1;0;G19;638;;
474;1;2;B03;73;-;-
475;1;2;B04;600;-;-
475;1;2;B04;601;-;-
475;1;2;B04;602;-;-
475;1;2;B04;606;-;-
475;1;2;B04;607;-;-
475;1;2;B04;608;-;-
475;1;2;B04;609;-;-
475;1;2;B04;610;-;-
475;1;2;B04;611;-;-
475;1;2;B04;612;-;-
475;1;2;B04;6931;-;-
475;1;2;B04;6932;-;-
475;1;2;B04;6933;-;-
475;1;2;B04;7931;-;-
475;1;2;B04;7932;-;-
475;1;2;B04;7933;-;-
477;1;2;B05a;756;-;-
478;1;2;B05b;751;-;-
478;1;2;B05b;752;-;-
478;1;2;B05b;753;-;-
478;1;2;B05b;754;-;-
478;1;2;B05b;755;-;-
478;1;2;B05b;757;-;-
478;1;2;B05b;740;-;-
478;1;2;B05b;747;-;-
479;1;2;B06;640;-;-
479;1;2;B06;641;-;-
479;1;2;B06;642;-;-
479;1;2;B06;643;-;-
479;1;2;B06;644;-;-
479;1;2;B06;6450;-;-
479;1;2;B06;6457;-;-
479;1;2;B06;649;-;-
479;1;2;B06;7950;-;-
479;1;2;B06;7957;-;-
481;1;2;B08;62;-;-
481;1;2;B08;631;-;-
481;1;2;B08;634;-;-
481;1;2;B08;636;-;-
481;1;2;B08;639;-;-
481;1;2;B08;650;-;-
481;1;2;B08;651;-;-
481;1;2;B08;659;-;-
481;1;2;B08;694;-;-
481;1;2;B08;695;-;-
481;1;2;B08;794;-;-
481;1;2;B08;7954;-;-
482;1;2;B09;68;-;-
483;1;2;B10;746;-;-
484;1;2;B11;7951;-;-
484;1;2;B11;7952;-;-
484;1;2;B11;7955;-;-
484;1;2;B11;7956;-;-
485;1;2;B12;670;-;-
485;1;2;B12;671;-;-
485;1;2;B12;672;-;-
485;1;2;B12;690;-;-
485;1;2;B12;691;-;-
485;1;2;B12;692;-;-
485;1;2;B12;770;-;-
485;1;2;B12;771;-;-
485;1;2;B12;772;-;-
485;1;2;B12;774;-;-
485;1;2;B12;790;-;-
485;1;2;B12;791;-;-
485;1;2;B12;792;-;-
486;1;2;B13;678;-;-
486;1;2;B13;778;-;-
489;1;2;D14a;767;-;-
490;1;2;D14b;760;-;-
490;1;2;D14b;761;-;-
490;1;2;D14b;762;-;-
490;1;2;D14b;767;-;-
490;1;2;D14b;769;-;-
491;1;2;D15;660;-;-
491;1;2;D15;661;-;-
491;1;2;D15;662;-;-
491;1;2;D15;664;-;-
491;1;2;D15;665;-;-
491;1;2;D15;669;-;-
492;1;2;D16;663;-;-
492;1;2;D16;763;-;-
493;1;2;D17;668;-;-
493;1;2;D17;768;-;-
494;1;2;D18;666;-;-
494;1;2;D18;667;-;-
494;1;2;D18;673;-;-
494;1;2;D18;675;-;-
494;1;2;D18;696;-;-
494;1;2;D18;697;-;-
494;1;2;D18;698;-;-
494;1;2;D18;699;-;-
494;1;2;D18;766;-;-
494;1;2;D18;773;-;-
494;1;2;D18;775;-;-
494;1;2;D18;796;-;-
494;1;2;D18;797;-;-
494;1;2;D18;798;-;-
494;1;2;D18;799;-;-
497;1;2;G19;6300;-;-
497;1;2;G19;6301;-;-
497;1;2;G19;633;-;-
497;1;2;G19;638;-;-
499;1;2;I20;757;-;-
500;1;2;J21;657;-;-
501;1;2;K22;656;-;-
505;1;3;B01a;700;-;-
505;1;3;B01a;701;-;-
505;1;3;B01a;702;-;-
505;1;3;B01a;703;-;-
505;1;3;B01a;704;-;-
505;1;3;B01a;706;-;-
505;1;3;B01a;708;-;-
505;1;3;B01a;709;-;-
506;1;3;B01b;705;-;-
507;1;3;B02;6930;-;-
507;1;3;B02;71;-;-
507;1;3;B02;7930;-;-
508;1;3;B03;73;-;-
510;1;3;B04a;600;-;-
510;1;3;B04a;6060;-;-
510;1;3;B04a;6080;-;-
510;1;3;B04a;6090;-;-
510;1;3;B04a;610;-;-
511;1;3;B04b;601;-;-
511;1;3;B04b;602;-;-
511;1;3;B04b;6061;-;-
511;1;3;B04b;6062;-;-
511;1;3;B04b;6081;-;-
511;1;3;B04b;6082;-;-
511;1;3;B04b;6091;-;-
511;1;3;B04b;6092;-;-
511;1;3;B04b;611;-;-
511;1;3;B04b;612;-;-
512;1;3;B04c;607;-;-
513;1;3;B04d;6931;-;-
513;1;3;B04d;6932;-;-
513;1;3;B04d;6933;-;-
513;1;3;B04d;7931;-;-
513;1;3;B04d;7932;-;-
513;1;3;B04d;7933;-;-
516;1;3;B05b;740;-;-
516;1;3;B05b;747;-;-
517;1;3;B05c;756;-;-
519;1;3;B06a;640;-;-
519;1;3;B06a;641;-;-
519;1;3;B06a;6450;-;-
520;1;3;B06b;642;-;-
520;1;3;B06b;643;-;-
520;1;3;B06b;649;-;-
521;1;3;B06c;644;-;-
521;1;3;B06c;6457;-;-
521;1;3;B06c;7950;-;-
521;1;3;B06c;7957;-;-
524;1;3;B08a;62;-;-
525;1;3;B08b;631;-;-
525;1;3;B08b;634;-;-
525;1;3;B08b;636;-;-
525;1;3;B08b;639;-;-
526;1;3;B08c;650;-;-
526;1;3;B08c;694;-;-
526;1;3;B08c;695;-;-
526;1;3;B08c;794;-;-
526;1;3;B08c;7954;-;-
527;1;3;B08d;651;-;-
527;1;3;B08d;659;-;-
528;1;3;B09;68;-;-
529;1;3;B10;746;-;-
530;1;3;B11;7951;-;-
530;1;3;B11;7952;-;-
530;1;3;B11;7955;-;-
530;1;3;B11;7956;-;-
532;1;3;B12a;690;-;-
532;1;3;B12a;691;-;-
532;1;3;B12a;692;-;-
532;1;3;B12a;790;-;-
532;1;3;B12a;791;-;-
532;1;3;B12a;792;-;-
533;1;3;B12b;670;-;-
533;1;3;B12b;671;-;-
533;1;3;B12b;672;-;-
533;1;3;B12b;770;-;-
533;1;3;B12b;771;-;-
533;1;3;B12b;772;-;-
533;1;3;B12b;774;-;-
534;1;3;B13;678;-;-
534;1;3;B13;778;-;-
538;1;3;D14a1;7600;-;-
538;1;3;D14a1;7601;-;-
539;1;3;D14a2;7602;-;-
539;1;3;D14a2;7603;-;-
541;1;3;D14b1;7610;-;-
541;1;3;D14b1;7611;-;-
541;1;3;D14b1;76200;-;-
541;1;3;D14b1;76201;-;-
541;1;3;D14b1;76210;-;-
541;1;3;D14b1;76211;-;-
542;1;3;D14b2;7612;-;-
542;1;3;D14b2;7613;-;-
542;1;3;D14b2;76202;-;-
542;1;3;D14b2;76203;-;-
542;1;3;D14b2;76212;-;-
542;1;3;D14b2;76213;-;-
542;1;3;D14b2;767;-;-
542;1;3;D14b2;769;-;-
543;1;3;D14b3;767;-;-
545;1;3;D15a;6610;-;-
545;1;3;D15a;6611;-;-
545;1;3;D15a;6615;-;-
545;1;3;D15a;6616;-;-
545;1;3;D15a;6620;-;-
545;1;3;D15a;6621;-;-
545;1;3;D15a;6640;-;-
545;1;3;D15a;6641;-;-
545;1;3;D15a;6650;-;-
545;1;3;D15a;6651;-;-
545;1;3;D15a;6654;-;-
545;1;3;D15a;6655;-;-
546;1;3;D15b;6612;-;-
546;1;3;D15b;6613;-;-
546;1;3;D15b;6617;-;-
546;1;3;D15b;6618;-;-
546;1;3;D15b;6622;-;-
546;1;3;D15b;6623;-;-
546;1;3;D15b;6624;-;-
546;1;3;D15b;6642;-;-
546;1;3;D15b;6643;-;-
546;1;3;D15b;6652;-;-
546;1;3;D15b;6653;-;-
546;1;3;D15b;6656;-;-
546;1;3;D15b;6657;-;-
546;1;3;D15b;669;-;-
547;1;3;D15c;660;-;-
549;1;3;D16a;6630;-;-
549;1;3;D16a;6631;-;-
549;1;3;D16a;6633;-;-
549;1;3;D16a;7630;-;-
549;1;3;D16a;7631;-;-
549;1;3;D16a;7633;-;-
550;1;3;D16b;6632;-;-
550;1;3;D16b;7632;-;-
551;1;3;D17;668;-;-
551;1;3;D17;768;-;-
553;1;3;D18a;696;-;-
553;1;3;D18a;697;-;-
553;1;3;D18a;698;-;-
553;1;3;D18a;699;-;-
553;1;3;D18a;796;-;-
553;1;3;D18a;797;-;-
553;1;3;D18a;798;-;-
553;1;3;D18a;799;-;-
554;1;3;D18b;666;-;-
554;1;3;D18b;667;-;-
554;1;3;D18b;673;-;-
554;1;3;D18b;675;-;-
554;1;3;D18b;766;-;-
554;1;3;D18b;773;-;-
554;1;3;D18b;775;-;-
557;1;3;G19;6300;-;-
557;1;3;G19;6301;-;-
557;1;3;G19;633;-;-
557;1;3;G19;638;-;-
562;1;3;L21;757;-;-
563;1;3;M22;657;-;-
564;1;3;N23;656;-;-
569;1;4;B01b;705;;
571;1;4;B03;73;;
574;1;4;B04b;601;-;-
574;1;4;B04b;602;-;-
574;1;4;B04b;6061;;
574;1;4;B04b;6062;;
574;1;4;B04b;6081;;
574;1;4;B04b;6082;;
574;1;4;B04b;6091;;
574;1;4;B04b;6092;;
574;1;4;B04b;611;-;-
574;1;4;B04b;612;-;-
575;1;4;B04c;607;-;-
578;1;4;B05a;75;;
579;1;4;B05b;740;;
579;1;4;B05b;747;;
581;1;4;B06a;640;-;-
581;1;4;B06a;641;-;-
581;1;4;B06a;6450;-;-
582;1;4;B06b;642;-;-
582;1;4;B06b;643;-;-
582;1;4;B06b;649;-;-
583;1;4;B06c;644;-;-
583;1;4;B06c;6457;-;-
583;1;4;B06c;7950;;
583;1;4;B06c;7957;;
585;1;4;B07a;62;-;-
586;1;4;B07b;631;-;-
586;1;4;B07b;634;-;-
586;1;4;B07b;636;;
586;1;4;B07b;639;;
587;1;4;B07c;650;-;-
587;1;4;B07c;694;-;-
587;1;4;B07c;695;-;-
587;1;4;B07c;794;;
587;1;4;B07c;7954;;
588;1;4;B07d;651;-;-
588;1;4;B07d;659;-;-
589;1;4;B08;68;-;-
590;1;4;B09;746;;
591;1;4;B10;7951;;
591;1;4;B10;7952;;
591;1;4;B10;7955;;
591;1;4;B10;7956;;
593;1;4;B11a;690;-;-
593;1;4;B11a;691;-;-
593;1;4;B11a;692;-;-
593;1;4;B11a;790;;
593;1;4;B11a;791;;
593;1;4;B11a;792;;
594;1;4;B11b;670;-;-
594;1;4;B11b;671;-;-
594;1;4;B11b;672;-;-
594;1;4;B11b;770;;
594;1;4;B11b;771;;
594;1;4;B11b;772;;
595;1;4;B12;774;;
596;1;4;B13;678;-;-
596;1;4;B13;778;;
600;1;4;D14a1;7600;;
600;1;4;D14a1;7601;;
601;1;4;D14a2;7602;;
601;1;4;D14a2;7603;;
603;1;4;D14b1;7610;;
603;1;4;D14b1;7611;;
603;1;4;D14b1;76200;;
603;1;4;D14b1;76201;;
603;1;4;D14b1;76210;;
603;1;4;D14b1;76211;;
604;1;4;D14b2;7612;;
604;1;4;D14b2;7613;;
604;1;4;D14b2;76202;;
604;1;4;D14b2;76203;;
604;1;4;D14b2;76212;;
604;1;4;D14b2;76213;;
604;1;4;D14b2;767;;
604;1;4;D14b2;769;;
606;1;4;D15a;6610;-;-
606;1;4;D15a;6611;-;-
606;1;4;D15a;6615;-;-
606;1;4;D15a;6616;-;-
606;1;4;D15a;6620;-;-
606;1;4;D15a;6621;-;-
606;1;4;D15a;6640;-;-
606;1;4;D15a;6641;-;-
606;1;4;D15a;6650;-;-
606;1;4;D15a;6651;-;-
606;1;4;D15a;6654;-;-
606;1;4;D15a;6655;-;-
607;1;4;D15b;6612;-;-
607;1;4;D15b;6613;-;-
607;1;4;D15b;6617;-;-
607;1;4;D15b;6618;-;-
607;1;4;D15b;6622;-;-
607;1;4;D15b;6623;-;-
607;1;4;D15b;6624;-;-
607;1;4;D15b;6642;-;-
607;1;4;D15b;6643;-;-
607;1;4;D15b;6652;-;-
607;1;4;D15b;6653;-;-
607;1;4;D15b;6656;-;-
607;1;4;D15b;6657;-;-
607;1;4;D15b;669;-;-
608;1;4;D15c;660;-;-
610;1;4;D16a;6630;-;-
610;1;4;D16a;6631;-;-
610;1;4;D16a;6633;-;-
610;1;4;D16a;7630;;
610;1;4;D16a;7631;;
610;1;4;D16a;7633;;
611;1;4;D16b;6632;-;-
611;1;4;D16b;7632;;
612;1;4;D17;668;-;-
612;1;4;D17;768;;
623;1;5;B01;700;;
623;1;5;B01;701;;
623;1;5;B01;702;;
623;1;5;B01;703;;
623;1;5;B01;704;;
623;1;5;B01;705;;
623;1;5;B01;706;-;-
623;1;5;B01;708;-;-
623;1;5;B01;709;-;-
625;1;5;B03;73;;
626;1;5;B04;600;-;-
626;1;5;B04;601;-;-
626;1;5;B04;602;-;-
626;1;5;B04;606;;
626;1;5;B04;607;-;-
626;1;5;B04;608;;
626;1;5;B04;609;;
626;1;5;B04;61;-;-
626;1;5;B04;6931;-;-
626;1;5;B04;6932;-;-
626;1;5;B04;6933;-;-
626;1;5;B04;7931;;
626;1;5;B04;7932;;
626;1;5;B04;7933;;
628;1;5;B06;64;-;-
628;1;5;B06;7950;;
628;1;5;B06;7957;;
629;1;5;B07;62;-;-
629;1;5;B07;631;-;-
629;1;5;B07;634;-;-
629;1;5;B07;636;;
629;1;5;B07;639;;
629;1;5;B07;65;-;-
629;1;5;B07;694;-;-
629;1;5;B07;695;-;-
629;1;5;B07;794;;
629;1;5;B07;7954;;
630;1;5;B08;68;-;-
631;1;5;B09;746;;
632;1;5;B10;7951;;
632;1;5;B10;7952;;
632;1;5;B10;7955;;
632;1;5;B10;7956;;
633;1;5;B11;670;-;-
633;1;5;B11;671;-;-
633;1;5;B11;672;-;-
633;1;5;B11;690;-;-
633;1;5;B11;691;-;-
633;1;5;B11;692;-;-
633;1;5;B11;770;;
633;1;5;B11;771;;
633;1;5;B11;772;;
633;1;5;B11;790;;
633;1;5;B11;791;;
633;1;5;B11;792;;
634;1;5;B12;678;-;-
634;1;5;B12;778;;
637;1;5;D14a;746;;
638;1;5;D14b;760;;
638;1;5;D14b;761;;
638;1;5;D14b;762;;
638;1;5;D14b;767;;
638;1;5;D14b;769;;
639;1;5;D15;660;-;-
639;1;5;D15;661;-;-
639;1;5;D15;662;-;-
639;1;5;D15;664;-;-
639;1;5;D15;665;-;-
639;1;5;D15;669;-;-
641;1;5;D17;668;-;-
641;1;5;D17;768;;
642;1;5;D18;666;-;-
642;1;5;D18;667;-;-
642;1;5;D18;673;-;-
642;1;5;D18;675;-;-
642;1;5;D18;696;-;-
642;1;5;D18;697;-;-
642;1;5;D18;698;-;-
642;1;5;D18;699;-;-
642;1;5;D18;766;;
642;1;5;D18;773;;
642;1;5;D18;775;;
642;1;5;D18;796;;
642;1;5;D18;797;;
642;1;5;D18;798;;
642;1;5;D18;799;;
645;1;5;G19;6300;-;-
645;1;5;G19;6301;-;-
645;1;5;G19;633;-;-
645;1;5;G19;638;;
651;2;6;70;61;-;-
651;2;6;70;71;-;-
653;2;6;72;645;-;-
654;2;6;73;6231;-;-
655;2;6;74;709;-;-
656;2;6;75;624;-;-
658;2;6;100;680;-;-
658;2;6;100;681;-;-
659;2;6;120;640;-;-
659;2;6;120;641;-;-
659;2;6;120;642;-;-
659;2;6;120;649;-;-
660;2;6;125;621;-;-
660;2;6;125;622;-;-
660;2;6;125;6230;-;-
660;2;6;125;625;-;-
660;2;6;125;626;-;-
660;2;6;125;627;-;-
660;2;6;125;628;-;-
660;2;6;125;629;-;-
660;2;6;125;631;-;-
660;2;6;125;650;-;-
660;2;6;125;659;-;-
660;2;6;125;694;-;-
660;2;6;125;6232;-;-
660;2;6;125;6234;-;-
660;2;6;125;634;-;-
662;2;6;140;66;-;-
663;2;6;180;76;-;-
664;2;6;190;67;-;-
665;2;6;192;77;-;-
667;2;6;260;630;-;-
667;2;6;260;633;-;-
667;2;6;260;638;;
671;3;6;30;600;-;-
671;3;6;30;601;-;-
671;3;6;30;608;;
671;3;6;30;609;;
671;3;6;30;606;;
673;3;6;40;61;-;-
673;3;6;40;71;-;-
674;3;6;50;607;-;-
675;3;6;60;645;-;-
676;3;6;70;6231;-;-
677;3;6;80;709;-;-
678;3;6;90;624;-;-
682;3;6;110;680;-;-
682;3;6;110;681;-;-
682;3;6;110;6820;-;-
683;3;6;115;640;-;-
683;3;6;115;641;-;-
683;3;6;115;642;-;-
683;3;6;115;649;-;-
684;3;6;120;621;-;-
684;3;6;120;622;-;-
684;3;6;120;6230;-;-
684;3;6;120;625;-;-
684;3;6;120;626;-;-
684;3;6;120;627;-;-
684;3;6;120;628;-;-
684;3;6;120;629;-;-
684;3;6;120;631;-;-
684;3;6;120;650;-;-
684;3;6;120;659;-;-
684;3;6;120;694;-;-
684;3;6;120;6232;-;-
684;3;6;120;6233;-;-
684;3;6;120;6234;-;-
687;3;6;150;66;-;-
687;3;6;150;76;-;-
688;3;6;160;74;;
688;3;6;160;75;;
688;3;6;160;79;;
688;3;6;160;67;-;-
688;3;6;160;77;;
690;3;6;180;630;-;-
690;3;6;180;633;-;-
690;3;6;180;638;;
672;3;6;31;602;-;-
694;3;7;20;701;;
695;3;7;30;702;;
695;3;7;30;703;;
695;3;7;30;704;;
695;3;7;30;705;;
696;3;7;40;708;-;-
696;3;7;40;709;-;-
697;3;7;50;73;;
702;3;7;100;601;-;-
702;3;7;100;6081;;
702;3;7;100;6091;;
703;3;7;110;602;-;-
703;3;7;110;6082;;
703;3;7;110;6092;;
704;3;7;120;607;-;-
711;3;7;190;64;-;-
712;3;7;200;62;-;-
713;3;7;210;631;-;-
713;3;7;210;633;-;-
713;3;7;210;634;-;-
713;3;7;210;636;;
713;3;7;210;638;;
713;3;7;210;639;;
720;3;7;280;76;;
721;3;7;290;66;-;-
726;3;7;340;630;-;-
570;1;4;B02;6930;-;-
570;1;4;B02;71;-;-
570;1;4;B02;7930;;
573;1;4;B04a;600;-;-
573;1;4;B04a;6060;;
573;1;4;B04a;6080;;
573;1;4;B04a;6090;;
573;1;4;B04a;610;-;-
576;1;4;B04d;6931;-;-
576;1;4;B04d;6932;-;-
576;1;4;B04d;6933;-;-
576;1;4;B04d;7931;;
576;1;4;B04d;7932;;
576;1;4;B04d;7933;;
448;1;0;B02;6930;-;-
448;1;0;B02;71;-;-
448;1;0;B02;7930;;
454;1;0;B08;68;-;-
455;1;0;B09;746;;
451;1;0;B05;740;;
451;1;0;B05;747;;
451;1;0;B05;75;;
515;1;3;B05a;751;-;-
515;1;3;B05a;752;-;-
515;1;3;B05a;753;-;-
515;1;3;B05a;754;-;-
515;1;3;B05a;755;-;-
515;1;3;B05a;757;-;-
640;1;5;D16;663;-;-
640;1;5;D16;763;;
669;3;6;10;700;;
669;3;6;10;708;-;-
669;3;6;10;705;;
669;3;6;10;706;-;-
669;3;6;10;7010;;
669;3;6;10;7020;;
669;3;6;10;7300;;
447;1;0;B01;700;;
447;1;0;B01;701;;
447;1;0;B01;702;;
447;1;0;B01;703;;
447;1;0;B01;704;;
447;1;0;B01;705;;
447;1;0;B01;706;-;-
447;1;0;B01;708;-;-
447;1;0;B01;709;-;-
472;1;2;B01;700;-;-
472;1;2;B01;701;-;-
472;1;2;B01;702;-;-
472;1;2;B01;703;-;-
472;1;2;B01;704;-;-
472;1;2;B01;705;-;-
472;1;2;B01;706;-;-
472;1;2;B01;708;-;-
472;1;2;B01;709;-;-
614;1;4;D18a;696;-;-
614;1;4;D18a;697;-;-
614;1;4;D18a;698;-;-
614;1;4;D18a;699;-;-
614;1;4;D18a;796;;
614;1;4;D18a;797;;
614;1;4;D18a;798;;
614;1;4;D18a;799;;
615;1;4;D18b;666;-;-
615;1;4;D18b;667;-;-
615;1;4;D18b;673;-;-
615;1;4;D18b;675;-;-
615;1;4;D18b;766;;
615;1;4;D18b;773;;
615;1;4;D18b;775;;
618;1;4;G19;6300;-;-
618;1;4;G19;6301;-;-
618;1;4;G19;633;-;-
618;1;4;G19;638;;
647;2;6;10;70;;
648;2;6;11;74;;
648;2;6;11;75;;
648;2;6;11;79;;
650;2;6;60;600;-;-
650;2;6;60;601;-;-
650;2;6;60;602;-;-
650;2;6;60;608;;
650;2;6;60;609;;
650;2;6;60;606;;
652;2;6;71;607;-;-
568;1;4;B01a;700;;
568;1;4;B01a;701;;
568;1;4;B01a;702;;
568;1;4;B01a;703;;
568;1;4;B01a;704;;
568;1;4;B01a;706;-;-
568;1;4;B01a;708;-;-
568;1;4;B01a;709;-;-
309;0;4;AB00020200;31;;
309;0;4;AB00020200;32;;
309;0;4;AB00020200;391;;
309;0;4;AB00020200;392;;
310;0;4;AB00020300;33;;
310;0;4;AB00020300;34;;
310;0;4;AB00020300;393;;
310;0;4;AB00020300;394;;
311;0;4;AB00020400;35;;
311;0;4;AB00020400;395;;
312;0;4;AB00020500;36;;
312;0;4;AB00020500;396;;
308;0;4;AB00020100;30;;
308;0;4;AB00020100;390;;
367;0;4;PB00020100;177;;
367;0;4;PB00020100;178;;
367;0;4;PB00020100;179;;
369;0;4;PB00020300;1625;;
369;0;4;PB00020300;174;;
370;0;4;PB00020400;176;;
371;0;4;PB00020500;1615;;
371;0;4;PB00020500;1635;;
371;0;4;PB00020500;171;;
371;0;4;PB00020500;172;;
371;0;4;PB00020500;173;;
371;0;4;PB00020500;175;;
371;0;4;PB00020500;180;;
371;0;4;PB00020500;185;;
371;0;4;PB00020500;189;;
373;0;4;PB00040000;479;;
11;0;1;AB00030000;1603;;
11;0;1;AB00030000;1604;;
11;0;1;AB00030000;1613;;
11;0;1;AB00030000;1614;;
11;0;1;AB00030000;1623;;
11;0;1;AB00030000;1624;;
11;0;1;AB00030000;1633;;
11;0;1;AB00030000;1634;;
8;0;1;AB00000000;1603;;
8;0;1;AB00000000;1604;;
8;0;1;AB00000000;1613;;
8;0;1;AB00000000;1614;;
8;0;1;AB00000000;1623;;
8;0;1;AB00000000;1624;;
8;0;1;AB00000000;1633;;
8;0;1;AB00000000;1634;;
15;0;1;AB00040000;5303;;
15;0;1;AB00040000;5304;;
15;0;1;AB00040000;5313;;
15;0;1;AB00040000;5314;;
15;0;1;AB00040000;5323;;
15;0;1;AB00040000;5324;;
15;0;1;AB00040000;5333;;
15;0;1;AB00040000;5334;;
15;0;1;AB00040000;5343;;
15;0;1;AB00040000;5344;;
15;0;1;AB00040000;5353;;
15;0;1;AB00040000;5354;;
15;0;1;AB00040000;5393;;
15;0;1;AB00040000;5394;;
15;0;1;AB00040000;5523;D;D
15;0;1;AB00040000;5524;D;D
15;0;1;AB00040000;593;;
15;0;1;AB00040000;5943;;
15;0;1;AB00040000;5944;;
15;0;1;AB00040000;5953;;
15;0;1;AB00040000;5954;;
24;0;1;PA01020000;110;;
287;0;4;AA00020200;212;;
287;0;4;AA00020200;213;;
287;0;4;AA00020200;214;;
287;0;4;AA00020200;215;;
287;0;4;AA00020200;216;;
287;0;4;AA00020200;217;;
287;0;4;AA00020200;218;;
287;0;4;AA00020200;219;;
287;0;4;AA00020200;2812;;
287;0;4;AA00020200;2813;;
287;0;4;AA00020200;2814;;
287;0;4;AA00020200;2815;;
287;0;4;AA00020200;2816;;
287;0;4;AA00020200;2817;;
287;0;4;AA00020200;2818;;
287;0;4;AA00020200;2819;;
287;0;4;AA00020200;2912;;
287;0;4;AA00020200;2913;;
287;0;4;AA00020200;2914;;
287;0;4;AA00020200;2915;;
287;0;4;AA00020200;2916;;
287;0;4;AA00020200;2917;;
287;0;4;AA00020200;2918;;
287;0;4;AA00020200;2919;;
354;0;4;PA01090000;111;;
283;0;4;AA00010500;206;;
283;0;4;AA00010500;2806;;
283;0;4;AA00010500;2906;;
300;0;4;AA00050200;2425;;
300;0;4;AA00050200;252;;
300;0;4;AA00050200;253;;
300;0;4;AA00050200;254;;
300;0;4;AA00050200;2955;;
300;0;4;AA00050200;298;;
324;0;4;AB00040200;5323;;
324;0;4;AB00040200;5324;;
324;0;4;AB00040200;5343;;
324;0;4;AB00040200;5344;;
324;0;4;AB00040200;5953;;
324;0;4;AB00040200;5954;;
31;0;1;PA01090000;111;;
18;0;1;AB00070000;57;;
37;0;1;PB00020100;1605;;
37;0;1;PB00020100;170;;
336;0;4;AB00070100;570;;
336;0;4;AB00070100;571;;
336;0;4;AB00070100;572;;
336;0;4;AB00070100;573;;
336;0;4;AB00070100;574;;
336;0;4;AB00070100;575;;
380;0;4;PC00030200;5105;;
380;0;4;PC00030200;520;;
380;0;4;PC00030200;527;;
368;0;4;PB00020200;1605;;
368;0;4;PB00020200;170;;
408;0;5;AB00040000;5305;;
408;0;5;AB00040000;5315;;
408;0;5;AB00040000;5335;;
408;0;5;AB00040000;5345;;
408;0;5;AB00040000;5355;;
408;0;5;AB00040000;5395;;
408;0;5;AB00040000;540;;
408;0;5;AB00040000;541;;
408;0;5;AB00040000;542;;
408;0;5;AB00040000;543;;
408;0;5;AB00040000;545;;
408;0;5;AB00040000;546;;
408;0;5;AB00040000;548;;
408;0;5;AB00040000;549;;
408;0;5;AB00040000;551;D;D
408;0;5;AB00040000;5525;D;D
408;0;5;AB00040000;5590;;
408;0;5;AB00040000;5593;;
408;0;5;AB00040000;565;;
408;0;5;AB00040000;566;;
408;0;5;AB00040000;5945;;
408;0;5;AB00040000;5955;;
408;0;5;AB00040000;597;;
408;0;5;AB00040000;598;;
408;0;5;AB00040000;547;;
405;0;5;AB00020200;5580;;
407;0;5;AB00030000;5303;;
407;0;5;AB00030000;5304;;
407;0;5;AB00030000;5313;;
407;0;5;AB00030000;5314;;
407;0;5;AB00030000;5323;;
407;0;5;AB00030000;5324;;
407;0;5;AB00030000;5333;;
407;0;5;AB00030000;5334;;
407;0;5;AB00030000;5343;;
407;0;5;AB00030000;5344;;
407;0;5;AB00030000;5353;;
407;0;5;AB00030000;5354;;
407;0;5;AB00030000;5393;;
407;0;5;AB00030000;5394;;
407;0;5;AB00030000;5523;D;D
407;0;5;AB00030000;5524;D;D
407;0;5;AB00030000;593;;
407;0;5;AB00030000;5943;;
407;0;5;AB00030000;5944;;
407;0;5;AB00030000;5953;;
407;0;5;AB00030000;5954;;
404;0;5;AB00020100;430;;
404;0;5;AB00020100;431;;
404;0;5;AB00020100;432;;
404;0;5;AB00020100;433;;
404;0;5;AB00020100;434;;
404;0;5;AB00020100;435;;
404;0;5;AB00020100;436;;
404;0;5;AB00020100;437;;
404;0;5;AB00020100;490;;
404;0;5;AB00020100;493;;
410;0;5;AB00060000;57;;
409;0;5;AB00050000;480;;
409;0;5;AB00050000;567;;
416;0;5;PA01020000;110;;
425;0;5;PB00010000;14;;
430;0;5;PB00030000;1603;;
430;0;5;PB00030000;1604;;
430;0;5;PB00030000;1613;;
430;0;5;PB00030000;1614;;
430;0;5;PB00030000;1623;;
430;0;5;PB00030000;1624;;
430;0;5;PB00030000;1633;;
430;0;5;PB00030000;1634;;
431;0;5;PB00040000;479;;
432;0;5;PB00050000;181;;
434;0;5;PB00070000;15;;
427;0;5;PB00020100;1605;;
427;0;5;PB00020100;170;;
446;0;5;PC00060000;502;;
446;0;5;PC00060000;507;;
428;0;5;PB00020200;1625;;
428;0;5;PB00020200;174;;
429;0;5;PB00020300;1615;;
429;0;5;PB00020300;1635;;
429;0;5;PB00020300;171;;
429;0;5;PB00020300;172;;
429;0;5;PB00020300;173;;
429;0;5;PB00020300;175;;
429;0;5;PB00020300;176;;
429;0;5;PB00020300;177;;
429;0;5;PB00020300;178;;
429;0;5;PB00020300;179;;
429;0;5;PB00020300;180;;
429;0;5;PB00020300;185;;
429;0;5;PB00020300;189;;
9;0;1;AB00010000;580;;
9;0;1;AB00010000;581;;
9;0;1;AB00010000;582;;
9;0;1;AB00010000;583;;
9;0;1;AB00010000;584;;
9;0;1;AB00010000;599;;
14;0;1;AB00030300;44;;
14;0;1;AB00030300;460;;
14;0;1;AB00030300;470;;
14;0;1;AB00030300;471;;
14;0;1;AB00030300;472;;
14;0;1;AB00030300;5531;;
14;0;1;AB00030300;5533;;
14;0;1;AB00030300;544;;
35;0;1;PB00010000;14;;
40;0;1;PB00030000;1603;;
40;0;1;PB00030000;1604;;
40;0;1;PB00030000;1613;;
40;0;1;PB00030000;1614;;
40;0;1;PB00030000;1623;;
40;0;1;PB00030000;1624;;
40;0;1;PB00030000;1633;;
40;0;1;PB00030000;1634;;
41;0;1;PB00040000;479;;
42;0;1;PB00050000;181;;
47;0;1;PC00030100;5105;;
47;0;1;PC00030100;520;;
47;0;1;PC00030100;527;;
16;0;1;AB00050000;5305;;
16;0;1;AB00050000;5315;;
16;0;1;AB00050000;5325;;
16;0;1;AB00050000;5335;;
16;0;1;AB00050000;5345;;
16;0;1;AB00050000;5355;;
16;0;1;AB00050000;5395;;
16;0;1;AB00050000;540;;
16;0;1;AB00050000;541;;
16;0;1;AB00050000;542;;
16;0;1;AB00050000;543;;
16;0;1;AB00050000;545;;
16;0;1;AB00050000;546;;
16;0;1;AB00050000;547;;
16;0;1;AB00050000;548;;
16;0;1;AB00050000;549;;
16;0;1;AB00050000;551;;
16;0;1;AB00050000;5525;;
16;0;1;AB00050000;5590;;
16;0;1;AB00050000;5593;;
16;0;1;AB00050000;565;;
16;0;1;AB00050000;566;;
16;0;1;AB00050000;5945;;
16;0;1;AB00050000;5955;;
16;0;1;AB00050000;597;;
16;0;1;AB00050000;598;;
282;0;4;AA00010400;204;;
284;0;4;AA00010600;205;;
284;0;4;AA00010600;209;;
284;0;4;AA00010600;2805;;
284;0;4;AA00010600;2905;;
294;0;4;AA00040200;2423;;
294;0;4;AA00040200;2424;;
294;0;4;AA00040200;2953;;
294;0;4;AA00040200;2954;;
320;0;4;AB00030600;4700;;
320;0;4;AB00030600;4708;;
320;0;4;AB00030600;471;;
320;0;4;AB00030600;472;;
357;0;4;PA02020000;1340;;
372;0;4;PB00030000;1603;;
372;0;4;PB00030000;1604;;
372;0;4;PB00030000;1613;;
372;0;4;PB00030000;1614;;
372;0;4;PB00030000;1623;;
372;0;4;PB00030000;1624;;
372;0;4;PB00030000;1633;;
372;0;4;PB00030000;1634;;
374;0;4;PB00050000;181;;
393;0;4;PC00060000;485;;
393;0;4;PC00060000;568;;
406;0;5;AB00020300;44;;
406;0;5;AB00020300;460;;
406;0;5;AB00020300;470;;
406;0;5;AB00020300;471;;
406;0;5;AB00020300;472;;
406;0;5;AB00020300;544;;
465;1;0;D16;663;-;-
465;1;0;D16;763;;
723;3;7;310;77;;
98;0;2;PB00020100;150;;
98;0;2;PB00020100;1530;;
98;0;2;PB00020100;1540;;
98;0;2;PB00020100;5585;;
391;0;4;PC00050600;4750;;
391;0;4;PC00050600;4751;;
391;0;4;PC00050600;4758;;
391;0;4;PC00050600;476;;
391;0;4;PC00050600;477;;
473;1;2;B02;6930;-;-
473;1;2;B02;71;-;-
473;1;2;B02;7930;-;-
714;3;7;220;65;-;-
118;0;2;PC00050100;5105;;
118;0;2;PC00050100;520;;
118;0;2;PC00050100;527;;
136;0;3;AA00010500;206;;
136;0;3;AA00010500;2806;;
136;0;3;AA00010500;2906;;
85;0;2;PA01020200;1145;;
627;1;5;B05;740;;
627;1;5;B05;747;;
627;1;5;B05;75;;
724;3;7;320;67;-;-
693;3;7;10;700;;
699;3;7;70;75;;
698;3;7;60;74;;
708;3;7;160;71;-;-
718;3;7;260;69;-;-
718;3;7;260;79;;
701;3;7;90;600;-;-
701;3;7;90;6080;;
701;3;7;90;6090;;
701;3;7;90;6060;;
717;3;7;250;68;-;-
705;3;7;130;610;-;-
706;3;7;140;611;-;-
707;3;7;150;612;-;-
624;1;5;B02;6930;-;-
624;1;5;B02;71;-;-
624;1;5;B02;7930;;
65;0;2;AB00010000;580;;
65;0;2;AB00010000;581;;
65;0;2;AB00010000;582;;
65;0;2;AB00010000;583;;
65;0;2;AB00010000;584;;
65;0;2;AB00010000;599;;
76;0;2;AB00060000;480;;
76;0;2;AB00060000;567;;
77;0;2;AB00070000;57;;
60;0;2;AA00040200;2403;;
60;0;2;AA00040200;2404;;
60;0;2;AA00040200;2413;;
60;0;2;AA00040200;2414;;
60;0;2;AA00040200;2423;;
60;0;2;AA00040200;2424;;
60;0;2;AA00040200;2493;;
60;0;2;AA00040200;2494;;
60;0;2;AA00040200;293;;
60;0;2;AA00040200;2943;;
60;0;2;AA00040200;2944;;
60;0;2;AA00040200;2953;;
60;0;2;AA00040200;2954;;
61;0;2;AA00040100;2527;;
62;0;2;AA00050000;2405;;
62;0;2;AA00050000;2415;;
62;0;2;AA00050000;2425;;
62;0;2;AA00050000;2495;;
62;0;2;AA00050000;250;;
62;0;2;AA00050000;251;;
62;0;2;AA00050000;252;;
62;0;2;AA00050000;253;;
62;0;2;AA00050000;254;;
62;0;2;AA00050000;255;;
62;0;2;AA00050000;257;;
62;0;2;AA00050000;258;;
62;0;2;AA00050000;259;;
62;0;2;AA00050000;26;;
62;0;2;AA00050000;2945;;
62;0;2;AA00050000;2955;;
62;0;2;AA00050000;297;;
62;0;2;AA00050000;298;;
68;0;2;AB00030100;430;;
68;0;2;AB00030100;431;;
68;0;2;AB00030100;432;;
68;0;2;AB00030100;433;;
68;0;2;AB00030100;434;;
68;0;2;AB00030100;435;;
68;0;2;AB00030100;436;;
68;0;2;AB00030100;437;;
68;0;2;AB00030100;490;;
68;0;2;AB00030100;493;;
70;0;2;AB00030300;447;;
71;0;2;AB00030400;440;;
71;0;2;AB00030400;441;;
71;0;2;AB00030400;442;;
71;0;2;AB00030400;443;;
71;0;2;AB00030400;444;;
71;0;2;AB00030400;445;;
71;0;2;AB00030400;446;;
71;0;2;AB00030400;448;;
71;0;2;AB00030400;449;;
71;0;2;AB00030400;460;;
71;0;2;AB00030400;470;;
71;0;2;AB00030400;471;;
71;0;2;AB00030400;472;;
71;0;2;AB00030400;5531;;
71;0;2;AB00030400;5533;;
71;0;2;AB00030400;544;;
73;0;2;AB00040100;5427;;
74;0;2;AB00040200;5303;;
74;0;2;AB00040200;5304;;
74;0;2;AB00040200;5313;;
74;0;2;AB00040200;5314;;
74;0;2;AB00040200;5323;;
74;0;2;AB00040200;5324;;
74;0;2;AB00040200;5333;;
74;0;2;AB00040200;5334;;
74;0;2;AB00040200;5343;;
74;0;2;AB00040200;5344;;
74;0;2;AB00040200;5353;;
74;0;2;AB00040200;5354;;
74;0;2;AB00040200;5393;;
74;0;2;AB00040200;5394;;
74;0;2;AB00040200;5523;D;D
74;0;2;AB00040200;5524;D;D
74;0;2;AB00040200;593;;
74;0;2;AB00040200;5943;;
74;0;2;AB00040200;5944;;
74;0;2;AB00040200;5953;;
74;0;2;AB00040200;5954;;
75;0;2;AB00050000;5305;;
75;0;2;AB00050000;5315;;
75;0;2;AB00050000;5325;;
75;0;2;AB00050000;5335;;
75;0;2;AB00050000;5345;;
75;0;2;AB00050000;5355;;
75;0;2;AB00050000;5395;;
75;0;2;AB00050000;540;;
75;0;2;AB00050000;541;;
75;0;2;AB00050000;5420;;
75;0;2;AB00050000;5421;;
75;0;2;AB00050000;5422;;
75;0;2;AB00050000;5423;;
75;0;2;AB00050000;5424;;
75;0;2;AB00050000;5425;;
75;0;2;AB00050000;5426;;
75;0;2;AB00050000;5428;;
75;0;2;AB00050000;5429;;
75;0;2;AB00050000;543;;
75;0;2;AB00050000;545;;
75;0;2;AB00050000;546;;
75;0;2;AB00050000;547;;
75;0;2;AB00050000;548;;
75;0;2;AB00050000;549;;
75;0;2;AB00050000;551;D;D
75;0;2;AB00050000;5525;D;D
75;0;2;AB00050000;5590;;
75;0;2;AB00050000;5593;;
75;0;2;AB00050000;565;;
75;0;2;AB00050000;566;;
75;0;2;AB00050000;5945;;
75;0;2;AB00050000;5955;;
75;0;2;AB00050000;597;;
75;0;2;AB00050000;598;;
81;0;2;PA01010100;100;;
89;0;2;PA01050000;129;;
93;0;2;PA02000000;133;;
93;0;2;PA02000000;1340;;
93;0;2;PA02000000;137;;
86;0;2;PA01020300;113;;
2914;0;2;PA01020400;1141;;
2914;0;2;PA01020400;1143;;
2914;0;2;PA01020400;115;;
2914;0;2;PA01020400;119;;
94;0;2;PA03000000;130;;
94;0;2;PA03000000;131;;
94;0;2;PA03000000;132;;
96;0;2;PB00010000;148;;
99;0;2;PB00020200;1711;;
99;0;2;PB00020200;1712;;
99;0;2;PB00020200;1713;;
101;0;2;PB00030000;14;;
101;0;2;PB00030000;148;;
2915;0;2;PB00040100;1605;;
2915;0;2;PB00040100;170;;
2916;0;2;PB00040200;1625;;
2916;0;2;PB00040200;174;;
2917;0;2;PB00040300;1615;;
2917;0;2;PB00040300;1635;;
2917;0;2;PB00040300;171;;
2917;0;2;PB00040300;1710;;
2917;0;2;PB00040300;1711;;
2917;0;2;PB00040300;1712;;
2917;0;2;PB00040300;1713;;
2917;0;2;PB00040300;1714;;
2917;0;2;PB00040300;1715;;
2917;0;2;PB00040300;172;;
2917;0;2;PB00040300;173;;
2917;0;2;PB00040300;175;;
2917;0;2;PB00040300;176;;
2917;0;2;PB00040300;177;;
2917;0;2;PB00040300;178;;
2917;0;2;PB00040300;179;;
2917;0;2;PB00040300;180;;
2917;0;2;PB00040300;185;;
2917;0;2;PB00040300;189;;
107;0;2;PB00060000;479;;
108;0;2;PB00070000;181;;
113;0;2;PC00020200;5211;;
113;0;2;PC00020200;5212;;
113;0;2;PC00020200;5213;;
114;0;2;PC00020300;5214;;
116;0;2;PC00040000;499;;
116;0;2;PC00040000;529;;
116;0;2;PC00040000;5298;;
120;0;2;PC00050300;1034;;
120;0;2;PC00050300;1044;;
120;0;2;PC00050300;190;;
120;0;2;PC00050300;192;;
120;0;2;PC00050300;194;;
120;0;2;PC00050300;500;;
120;0;2;PC00050300;501;;
120;0;2;PC00050300;505;;
120;0;2;PC00050300;506;;
120;0;2;PC00050300;509;;
120;0;2;PC00050300;5115;;
120;0;2;PC00050300;5135;;
120;0;2;PC00050300;5145;;
120;0;2;PC00050300;521;;
120;0;2;PC00050300;5210;;
120;0;2;PC00050300;5211;;
120;0;2;PC00050300;5212;;
120;0;2;PC00050300;5213;;
120;0;2;PC00050300;5214;;
120;0;2;PC00050300;522;;
120;0;2;PC00050300;523;;
120;0;2;PC00050300;525;;
120;0;2;PC00050300;528;;
120;0;2;PC00050300;551;;
120;0;2;PC00050300;5525;;
120;0;2;PC00050300;5530;;
120;0;2;PC00050300;5532;;
120;0;2;PC00050300;555;;
120;0;2;PC00050300;5565;;
120;0;2;PC00050300;5566;;
120;0;2;PC00050300;5595;;
120;0;2;PC00050300;5598;;
120;0;2;PC00050300;560;;
120;0;2;PC00050300;561;;
120;0;2;PC00050300;569;;
127;0;2;PC00070100;4007;;
128;0;2;PC00070200;400;;
128;0;2;PC00070200;401;;
128;0;2;PC00070200;403;;
128;0;2;PC00070200;404;;
128;0;2;PC00070200;405;;
128;0;2;PC00070200;406;;
100;0;2;PB00020300;1714;;
2918;0;2;PC00070300;41;;
2918;0;2;PC00070300;438;;
2918;0;2;PC00070300;465;;
2918;0;2;PC00070300;466;;
2918;0;2;PC00070300;475;;
2918;0;2;PC00070300;476;;
2918;0;2;PC00070300;477;;
149;0;3;AA00040200;2423;;
149;0;3;AA00040200;2953;;
150;0;3;AA00040202;2424;;
150;0;3;AA00040202;2954;;
147;0;3;AA00040100;2403;;
147;0;3;AA00040100;2404;;
147;0;3;AA00040100;2493;;
147;0;3;AA00040100;2494;;
147;0;3;AA00040100;293;;
154;0;3;AA00040600;2527;;
164;0;3;AB00010000;580;;
164;0;3;AB00010000;581;;
164;0;3;AB00010000;582;;
164;0;3;AB00010000;583;;
164;0;3;AB00010000;584;;
164;0;3;AB00010000;599;;
166;0;3;AB00020100;30;;
166;0;3;AB00020100;390;;
175;0;3;AB00030201;433;;
175;0;3;AB00030201;4933;;
176;0;3;AB00030202;434;;
176;0;3;AB00030202;4934;;
177;0;3;AB00030203;447;;
178;0;3;AB00030300;440;;
178;0;3;AB00030300;441;;
178;0;3;AB00030300;442;;
178;0;3;AB00030300;443;;
178;0;3;AB00030300;444;;
178;0;3;AB00030300;445;;
178;0;3;AB00030300;446;;
178;0;3;AB00030300;448;;
178;0;3;AB00030300;449;;
178;0;3;AB00030300;5531;;
178;0;3;AB00030300;5533;;
179;0;3;AB00030400;460;;
179;0;3;AB00030400;544;;
181;0;3;AB00030600;4700;;
181;0;3;AB00030600;4708;;
181;0;3;AB00030600;471;;
181;0;3;AB00030600;472;;
184;0;3;AB00040100;5303;;
184;0;3;AB00040100;5304;;
184;0;3;AB00040100;5393;;
184;0;3;AB00040100;5394;;
184;0;3;AB00040100;593;;
186;0;3;AB00040201;5323;;
186;0;3;AB00040201;5343;;
186;0;3;AB00040201;5953;;
187;0;3;AB00040202;5324;;
187;0;3;AB00040202;5344;;
187;0;3;AB00040202;5954;;
190;0;3;AB00040500;5353;;
190;0;3;AB00040500;5354;;
190;0;3;AB00040500;5523;D;D
190;0;3;AB00040500;5524;D;D
191;0;3;AB00040600;5427;;
193;0;3;AB00050100;5305;;
193;0;3;AB00050100;540;;
193;0;3;AB00050100;5395;;
193;0;3;AB00050100;549;;
194;0;3;AB00050200;5325;;
194;0;3;AB00050200;5345;;
194;0;3;AB00050200;542;;
194;0;3;AB00050200;5427;;
194;0;3;AB00050200;543;;
194;0;3;AB00050200;547;;
194;0;3;AB00050200;5955;;
194;0;3;AB00050200;598;;
195;0;3;AB00050300;5315;;
195;0;3;AB00050300;5335;;
195;0;3;AB00050300;541;;
195;0;3;AB00050300;546;;
195;0;3;AB00050300;5945;;
195;0;3;AB00050300;597;;
197;0;3;AB00050500;5355;;
197;0;3;AB00050500;545;;
197;0;3;AB00050500;548;;
197;0;3;AB00050500;551;D;D
197;0;3;AB00050500;5525;D;D
197;0;3;AB00050500;565;;
197;0;3;AB00050500;566;;
198;0;3;AB00060000;480;;
198;0;3;AB00060000;567;;
200;0;3;AB00070100;570;;
200;0;3;AB00070100;571;;
200;0;3;AB00070100;572;;
200;0;3;AB00070100;573;;
200;0;3;AB00070100;574;;
200;0;3;AB00070100;575;;
201;0;3;AB00070200;576;;
199;0;3;AB00070000;181;;
174;0;3;AB00030200;430;;
174;0;3;AB00030200;431;;
174;0;3;AB00030200;432;;
174;0;3;AB00030200;435;;
174;0;3;AB00030200;436;;
174;0;3;AB00030200;437;;
174;0;3;AB00030200;490;;
174;0;3;AB00030200;4935;;
205;0;3;PA01010100;100;;
206;0;3;PA01010200;1030;;
206;0;3;PA01010200;1040;;
209;0;3;PA01020200;1145;;
216;0;3;PA01050000;129;;
217;0;3;PA01060000;557;;
223;0;3;PA02030000;137;;
224;0;3;PA03000000;130;;
224;0;3;PA03000000;131;;
224;0;3;PA03000000;132;;
226;0;3;PB00010000;148;;
228;0;3;PB00020100;150;;
228;0;3;PB00020100;1530;;
228;0;3;PB00020100;1540;;
228;0;3;PB00020100;5585;;
229;0;3;PB00020200;1711;;
229;0;3;PB00020200;1712;;
229;0;3;PB00020200;1713;;
230;0;3;PB00020300;1714;;
232;0;3;PB00030100;140;;
233;0;3;PB00030200;145;;
234;0;3;PB00030300;146;;
235;0;3;PB00030400;141;;
235;0;3;PB00030400;142;;
235;0;3;PB00030400;143;;
235;0;3;PB00030400;147;;
237;0;3;PB00040100;177;;
237;0;3;PB00040100;178;;
237;0;3;PB00040100;179;;
238;0;3;PB00040200;1605;;
238;0;3;PB00040200;170;;
239;0;3;PB00040300;1625;;
239;0;3;PB00040300;174;;
240;0;3;PB00040400;176;;
241;0;3;PB00040500;1615;;
241;0;3;PB00040500;1635;;
241;0;3;PB00040500;171;;
241;0;3;PB00040500;1710;;
241;0;3;PB00040500;1711;;
241;0;3;PB00040500;1712;;
241;0;3;PB00040500;1713;;
241;0;3;PB00040500;1714;;
241;0;3;PB00040500;1715;;
241;0;3;PB00040500;172;;
241;0;3;PB00040500;173;;
241;0;3;PB00040500;175;;
241;0;3;PB00040500;180;;
241;0;3;PB00040500;185;;
241;0;3;PB00040500;189;;
244;0;3;PB00050100;1603;;
244;0;3;PB00050100;1613;;
244;0;3;PB00050100;1623;;
244;0;3;PB00050100;1633;;
245;0;3;PB00050200;1604;;
245;0;3;PB00050200;1614;;
245;0;3;PB00050200;1624;;
245;0;3;PB00050200;1634;;
246;0;3;PB00050300;1710;;
246;0;3;PB00050300;1715;;
247;0;3;PB00060000;479;;
248;0;3;PB00070000;181;;
250;0;3;PC00010000;5298;;
252;0;3;PC00020100;5020;;
253;0;3;PC00020200;5211;;
253;0;3;PC00020200;5212;;
253;0;3;PC00020200;5213;;
254;0;3;PC00020300;5214;;
256;0;3;PC00040000;499;;
256;0;3;PC00040000;529;;
256;0;3;PC00040000;5298;;
259;0;3;PC00050200;5105;;
259;0;3;PC00050200;520;;
259;0;3;PC00050200;527;;
262;0;3;PC00050500;1034;;
262;0;3;PC00050500;1044;;
262;0;3;PC00050500;190;;
262;0;3;PC00050500;192;;
262;0;3;PC00050500;194;;
262;0;3;PC00050500;509;;
262;0;3;PC00050500;5115;;
262;0;3;PC00050500;5135;;
262;0;3;PC00050500;5145;;
262;0;3;PC00050500;521;;
262;0;3;PC00050500;5210;;
262;0;3;PC00050500;5211;;
262;0;3;PC00050500;5212;;
262;0;3;PC00050500;5213;;
262;0;3;PC00050500;5214;;
262;0;3;PC00050500;522;;
262;0;3;PC00050500;523;;
262;0;3;PC00050500;525;;
262;0;3;PC00050500;528;;
262;0;3;PC00050500;551;;
262;0;3;PC00050500;5525;;
262;0;3;PC00050500;5530;;
262;0;3;PC00050500;5532;;
262;0;3;PC00050500;555;;
262;0;3;PC00050500;5565;;
262;0;3;PC00050500;5566;;
262;0;3;PC00050500;560;;
262;0;3;PC00050500;561;;
262;0;3;PC00050500;569;;
269;0;3;PC00070100;400;;
269;0;3;PC00070100;4007;;
269;0;3;PC00070100;401;;
269;0;3;PC00070100;405;;
269;0;3;PC00070100;406;;
3650;0;3;PC00070201;4007;;
3651;0;3;PC00070202;403;;
3651;0;3;PC00070202;404;;
274;0;3;PC00070600;4750;;
274;0;3;PC00070600;4751;;
274;0;3;PC00070600;4758;;
274;0;3;PC00070600;476;;
274;0;3;PC00070600;477;;
137;0;3;AA00010600;205;;
137;0;3;AA00010600;209;;
137;0;3;AA00010600;2805;;
137;0;3;AA00010600;2905;;
141;0;3;AA00020200;212;;
141;0;3;AA00020200;213;;
141;0;3;AA00020200;214;;
141;0;3;AA00020200;215;;
141;0;3;AA00020200;216;;
141;0;3;AA00020200;217;;
141;0;3;AA00020200;218;;
141;0;3;AA00020200;219;;
141;0;3;AA00020200;2812;;
141;0;3;AA00020200;2813;;
141;0;3;AA00020200;2814;;
141;0;3;AA00020200;2815;;
141;0;3;AA00020200;2816;;
141;0;3;AA00020200;2817;;
141;0;3;AA00020200;2818;;
141;0;3;AA00020200;2819;;
141;0;3;AA00020200;2912;;
141;0;3;AA00020200;2913;;
141;0;3;AA00020200;2914;;
141;0;3;AA00020200;2915;;
141;0;3;AA00020200;2916;;
141;0;3;AA00020200;2917;;
141;0;3;AA00020200;2918;;
141;0;3;AA00020200;2919;;
188;0;3;AB00040300;5313;;
188;0;3;AB00040300;5314;;
188;0;3;AB00040300;5333;;
188;0;3;AB00040300;5334;;
188;0;3;AB00040300;5943;;
188;0;3;AB00040300;5944;;
210;0;3;PA01020300;113;;
211;0;3;PA01020400;1141;;
3652;0;3;PA01020500;1143;;
3652;0;3;PA01020500;115;;
3652;0;3;PA01020500;119;;